Country,CountryCode,EnterpriseAdoptionPct,Year,Source
Belgium,BE,34.54,2025,"Eurostat - Use of artificial intelligence in enterprises (isoc_eb_ai / isoc_eb_ain2), 2025 reference year, published 2025-12-11"
Bulgaria,BG,8.55,2025,"Eurostat - Use of artificial intelligence in enterprises (isoc_eb_ai / isoc_eb_ain2), 2025 reference year, published 2025-12-11"
Czechia,CZ,17.6,2025,"Eurostat - Use of artificial intelligence in enterprises (isoc_eb_ai / isoc_eb_ain2), 2025 reference year, published 2025-12-11"
Denmark,DK,42.03,2025,"Eurostat - Use of artificial intelligence in enterprises (isoc_eb_ai / isoc_eb_ain2), 2025 reference year, published 2025-12-11"
Germany,DE,25.97,2025,"Eurostat - Use of artificial intelligence in enterprises (isoc_eb_ai / isoc_eb_ain2), 2025 reference year, published 2025-12-11"
Estonia,EE,23.4,2025,"Eurostat - Use of artificial intelligence in enterprises (isoc_eb_ai / isoc_eb_ain2), 2025 reference year, published 2025-12-11"
Ireland,IE,19.64,2025,"Eurostat - Use of artificial intelligence in enterprises (isoc_eb_ai / isoc_eb_ain2), 2025 reference year, published 2025-12-11"
Greece,EL,8.93,2025,"Eurostat - Use of artificial intelligence in enterprises (isoc_eb_ai / isoc_eb_ain2), 2025 reference year, published 2025-12-11"
Spain,ES,20.27,2025,"Eurostat - Use of artificial intelligence in enterprises (isoc_eb_ai / isoc_eb_ain2), 2025 reference year, published 2025-12-11"
France,FR,18.16,2025,"Eurostat - Use of artificial intelligence in enterprises (isoc_eb_ai / isoc_eb_ain2), 2025 reference year, published 2025-12-11"
Croatia,HR,15.19,2025,"Eurostat - Use of artificial intelligence in enterprises (isoc_eb_ai / isoc_eb_ain2), 2025 reference year, published 2025-12-11"
Italy,IT,16.4,2025,"Eurostat - Use of artificial intelligence in enterprises (isoc_eb_ai / isoc_eb_ain2), 2025 reference year, published 2025-12-11"
Cyprus,CY,9.27,2025,"Eurostat - Use of artificial intelligence in enterprises (isoc_eb_ai / isoc_eb_ain2), 2025 reference year, published 2025-12-11"
Latvia,LV,12.21,2025,"Eurostat - Use of artificial intelligence in enterprises (isoc_eb_ai / isoc_eb_ain2), 2025 reference year, published 2025-12-11"
Lithuania,LT,21.3,2025,"Eurostat - Use of artificial intelligence in enterprises (isoc_eb_ai / isoc_eb_ain2), 2025 reference year, published 2025-12-11"
Luxembourg,LU,33.61,2025,"Eurostat - Use of artificial intelligence in enterprises (isoc_eb_ai / isoc_eb_ain2), 2025 reference year, published 2025-12-11"
Hungary,HU,10.37,2025,"Eurostat - Use of artificial intelligence in enterprises (isoc_eb_ai / isoc_eb_ain2), 2025 reference year, published 2025-12-11"
Malta,MT,21.51,2025,"Eurostat - Use of artificial intelligence in enterprises (isoc_eb_ai / isoc_eb_ain2), 2025 reference year, published 2025-12-11"
Netherlands,NL,33.21,2025,"Eurostat - Use of artificial intelligence in enterprises (isoc_eb_ai / isoc_eb_ain2), 2025 reference year, published 2025-12-11"
Austria,AT,29.95,2025,"Eurostat - Use of artificial intelligence in enterprises (isoc_eb_ai / isoc_eb_ain2), 2025 reference year, published 2025-12-11"
Poland,PL,8.36,2025,"Eurostat - Use of artificial intelligence in enterprises (isoc_eb_ai / isoc_eb_ain2), 2025 reference year, published 2025-12-11"
Portugal,PT,11.54,2025,"Eurostat - Use of artificial intelligence in enterprises (isoc_eb_ai / isoc_eb_ain2), 2025 reference year, published 2025-12-11"
Romania,RO,5.21,2025,"Eurostat - Use of artificial intelligence in enterprises (isoc_eb_ai / isoc_eb_ain2), 2025 reference year, published 2025-12-11"
Slovenia,SI,21.61,2025,"Eurostat - Use of artificial intelligence in enterprises (isoc_eb_ai / isoc_eb_ain2), 2025 reference year, published 2025-12-11"
Slovakia,SK,18.0,2025,"Eurostat - Use of artificial intelligence in enterprises (isoc_eb_ai / isoc_eb_ain2), 2025 reference year, published 2025-12-11"
Finland,FI,37.82,2025,"Eurostat - Use of artificial intelligence in enterprises (isoc_eb_ai / isoc_eb_ain2), 2025 reference year, published 2025-12-11"
Sweden,SE,35.04,2025,"Eurostat - Use of artificial intelligence in enterprises (isoc_eb_ai / isoc_eb_ain2), 2025 reference year, published 2025-12-11"
