Metric,Value,Unit,Year,Source
Uses AI technologies (any use),54,% of EU individuals,2026,"European Commission DG ECFIN - Spring 2026 Economic Forecast, 'The AI-adoption divide: who benefits, who doesn't, and what it means for workers' (Feb-Mar 2026 survey, n=21,207)"
Uses AI for work,27,% of EU individuals,2026,"European Commission DG ECFIN - Spring 2026 Economic Forecast, 'The AI-adoption divide: who benefits, who doesn't, and what it means for workers' (Feb-Mar 2026 survey, n=21,207)"
Reports faster task completion (work AI users),91,% of work AI users,2026,"European Commission DG ECFIN - Spring 2026 Economic Forecast, 'The AI-adoption divide: who benefits, who doesn't, and what it means for workers' (Feb-Mar 2026 survey, n=21,207)"
Reports significant productivity gains,40,% of work AI users,2026,"European Commission DG ECFIN - Spring 2026 Economic Forecast, 'The AI-adoption divide: who benefits, who doesn't, and what it means for workers' (Feb-Mar 2026 survey, n=21,207)"
Average time saved per month (employed AI users),7.4,hours/month,2026,"European Commission DG ECFIN - Spring 2026 Economic Forecast, 'The AI-adoption divide: who benefits, who doesn't, and what it means for workers' (Feb-Mar 2026 survey, n=21,207)"
Perceived efficiency gain (among those reporting time savings),4.6,%,2026,"European Commission DG ECFIN - Spring 2026 Economic Forecast, 'The AI-adoption divide: who benefits, who doesn't, and what it means for workers' (Feb-Mar 2026 survey, n=21,207)"
Average efficiency gain across all employed,1.5,%,2026,"European Commission DG ECFIN - Spring 2026 Economic Forecast, 'The AI-adoption divide: who benefits, who doesn't, and what it means for workers' (Feb-Mar 2026 survey, n=21,207)"
Major output-quality improvement reported,33,% of work AI users,2026,"European Commission DG ECFIN - Spring 2026 Economic Forecast, 'The AI-adoption divide: who benefits, who doesn't, and what it means for workers' (Feb-Mar 2026 survey, n=21,207)"
Some output-quality improvement reported,50,% of work AI users,2026,"European Commission DG ECFIN - Spring 2026 Economic Forecast, 'The AI-adoption divide: who benefits, who doesn't, and what it means for workers' (Feb-Mar 2026 survey, n=21,207)"
No quality improvement reported,15,% of work AI users,2026,"European Commission DG ECFIN - Spring 2026 Economic Forecast, 'The AI-adoption divide: who benefits, who doesn't, and what it means for workers' (Feb-Mar 2026 survey, n=21,207)"
Work 'much more manageable',31,% of work AI users,2026,"European Commission DG ECFIN - Spring 2026 Economic Forecast, 'The AI-adoption divide: who benefits, who doesn't, and what it means for workers' (Feb-Mar 2026 survey, n=21,207)"
Very concerned about job displacement (employed users),14,% of employed AI users,2026,"European Commission DG ECFIN - Spring 2026 Economic Forecast, 'The AI-adoption divide: who benefits, who doesn't, and what it means for workers' (Feb-Mar 2026 survey, n=21,207)"
Somewhat concerned about job displacement (employed users),27,% of employed AI users,2026,"European Commission DG ECFIN - Spring 2026 Economic Forecast, 'The AI-adoption divide: who benefits, who doesn't, and what it means for workers' (Feb-Mar 2026 survey, n=21,207)"
