BusinessFunction,EnterpriseSize,PctOfAIUsingEnterprises,Year,Source
Marketing or Sales,Small (10-49),34.06,2025,"Eurostat - Use of artificial intelligence in enterprises (isoc_eb_ai / isoc_eb_ain2), 2025 reference year, published 2025-12-11"
Marketing or Sales,Medium (50-249),35.67,2025,"Eurostat - Use of artificial intelligence in enterprises (isoc_eb_ai / isoc_eb_ain2), 2025 reference year, published 2025-12-11"
Marketing or Sales,Large (250+),37.89,2025,"Eurostat - Use of artificial intelligence in enterprises (isoc_eb_ai / isoc_eb_ain2), 2025 reference year, published 2025-12-11"
Marketing or Sales,All (10+),34.7,2025,"Eurostat - Use of artificial intelligence in enterprises (isoc_eb_ai / isoc_eb_ain2), 2025 reference year, published 2025-12-11"
Business Administration or Management,Small (10-49),28.49,2025,"Eurostat - Use of artificial intelligence in enterprises (isoc_eb_ai / isoc_eb_ain2), 2025 reference year, published 2025-12-11"
Business Administration or Management,Medium (50-249),34.97,2025,"Eurostat - Use of artificial intelligence in enterprises (isoc_eb_ai / isoc_eb_ain2), 2025 reference year, published 2025-12-11"
Business Administration or Management,Large (250+),43.38,2025,"Eurostat - Use of artificial intelligence in enterprises (isoc_eb_ai / isoc_eb_ain2), 2025 reference year, published 2025-12-11"
Business Administration or Management,All (10+),31.04,2025,"Eurostat - Use of artificial intelligence in enterprises (isoc_eb_ai / isoc_eb_ain2), 2025 reference year, published 2025-12-11"
Production Processes,Small (10-49),19.02,2025,"Eurostat - Use of artificial intelligence in enterprises (isoc_eb_ai / isoc_eb_ain2), 2025 reference year, published 2025-12-11"
Production Processes,Medium (50-249),21.82,2025,"Eurostat - Use of artificial intelligence in enterprises (isoc_eb_ai / isoc_eb_ain2), 2025 reference year, published 2025-12-11"
Production Processes,Large (250+),33.46,2025,"Eurostat - Use of artificial intelligence in enterprises (isoc_eb_ai / isoc_eb_ain2), 2025 reference year, published 2025-12-11"
Production Processes,All (10+),20.76,2025,"Eurostat - Use of artificial intelligence in enterprises (isoc_eb_ai / isoc_eb_ain2), 2025 reference year, published 2025-12-11"
ICT Security,Small (10-49),14.51,2025,"Eurostat - Use of artificial intelligence in enterprises (isoc_eb_ai / isoc_eb_ain2), 2025 reference year, published 2025-12-11"
ICT Security,Medium (50-249),26.96,2025,"Eurostat - Use of artificial intelligence in enterprises (isoc_eb_ai / isoc_eb_ain2), 2025 reference year, published 2025-12-11"
ICT Security,Large (250+),47.51,2025,"Eurostat - Use of artificial intelligence in enterprises (isoc_eb_ai / isoc_eb_ain2), 2025 reference year, published 2025-12-11"
ICT Security,All (10+),19.77,2025,"Eurostat - Use of artificial intelligence in enterprises (isoc_eb_ai / isoc_eb_ain2), 2025 reference year, published 2025-12-11"
Logistics,Small (10-49),4.92,2025,"Eurostat - Use of artificial intelligence in enterprises (isoc_eb_ai / isoc_eb_ain2), 2025 reference year, published 2025-12-11"
Logistics,Medium (50-249),6.62,2025,"Eurostat - Use of artificial intelligence in enterprises (isoc_eb_ai / isoc_eb_ain2), 2025 reference year, published 2025-12-11"
Logistics,Large (250+),14.95,2025,"Eurostat - Use of artificial intelligence in enterprises (isoc_eb_ai / isoc_eb_ain2), 2025 reference year, published 2025-12-11"
Logistics,All (10+),6.08,2025,"Eurostat - Use of artificial intelligence in enterprises (isoc_eb_ai / isoc_eb_ain2), 2025 reference year, published 2025-12-11"
"Accounting, Controlling or Finance",Small (10-49),22.2,2025,"Eurostat - Use of artificial intelligence in enterprises (isoc_eb_ai / isoc_eb_ain2), 2025 reference year, published 2025-12-11"
"Accounting, Controlling or Finance",Medium (50-249),24.21,2025,"Eurostat - Use of artificial intelligence in enterprises (isoc_eb_ai / isoc_eb_ain2), 2025 reference year, published 2025-12-11"
"Accounting, Controlling or Finance",Large (250+),28.26,2025,"Eurostat - Use of artificial intelligence in enterprises (isoc_eb_ai / isoc_eb_ain2), 2025 reference year, published 2025-12-11"
"Accounting, Controlling or Finance",All (10+),23.11,2025,"Eurostat - Use of artificial intelligence in enterprises (isoc_eb_ai / isoc_eb_ain2), 2025 reference year, published 2025-12-11"
R&D or Innovation,Small (10-49),17.33,2025,"Eurostat - Use of artificial intelligence in enterprises (isoc_eb_ai / isoc_eb_ain2), 2025 reference year, published 2025-12-11"
R&D or Innovation,Medium (50-249),20.84,2025,"Eurostat - Use of artificial intelligence in enterprises (isoc_eb_ai / isoc_eb_ain2), 2025 reference year, published 2025-12-11"
R&D or Innovation,Large (250+),29.67,2025,"Eurostat - Use of artificial intelligence in enterprises (isoc_eb_ai / isoc_eb_ain2), 2025 reference year, published 2025-12-11"
R&D or Innovation,All (10+),19.05,2025,"Eurostat - Use of artificial intelligence in enterprises (isoc_eb_ai / isoc_eb_ain2), 2025 reference year, published 2025-12-11"
