Country,PctUsedForPrivatePurposes,PctUsedForProfessionalWorkPurposes,PctUsedForFormalEducation,Year,Source
European Union - 27 countries (from 2020),78.04,47.02,28.54,2025,"Eurostat - Individuals: use of generative AI tools (isoc_ai_iaiu), 2025 reference year, last updated 2026-06-05"
"Euro area (EA11-1999, EA12-2001, EA13-2007, EA15-2008, EA16-2009, EA17-2011, EA18-2014, EA19-2015, EA20-2023, EA21-2026)",77.47,48.22,29.52,2025,"Eurostat - Individuals: use of generative AI tools (isoc_ai_iaiu), 2025 reference year, last updated 2026-06-05"
Belgium,79.81,49.56,24.42,2025,"Eurostat - Individuals: use of generative AI tools (isoc_ai_iaiu), 2025 reference year, last updated 2026-06-05"
Bulgaria,89.58,37.47,22.97,2025,"Eurostat - Individuals: use of generative AI tools (isoc_ai_iaiu), 2025 reference year, last updated 2026-06-05"
Czechia,80.44,38.41,23.69,2025,"Eurostat - Individuals: use of generative AI tools (isoc_ai_iaiu), 2025 reference year, last updated 2026-06-05"
Denmark,71.82,56.1,36.87,2025,"Eurostat - Individuals: use of generative AI tools (isoc_ai_iaiu), 2025 reference year, last updated 2026-06-05"
Germany,84.34,48.95,18.71,2025,"Eurostat - Individuals: use of generative AI tools (isoc_ai_iaiu), 2025 reference year, last updated 2026-06-05"
Estonia,80.34,53.86,33.04,2025,"Eurostat - Individuals: use of generative AI tools (isoc_ai_iaiu), 2025 reference year, last updated 2026-06-05"
Ireland,68.73,49.95,27.89,2025,"Eurostat - Individuals: use of generative AI tools (isoc_ai_iaiu), 2025 reference year, last updated 2026-06-05"
Greece,92.8,36.45,25.45,2025,"Eurostat - Individuals: use of generative AI tools (isoc_ai_iaiu), 2025 reference year, last updated 2026-06-05"
Spain,79.83,47.37,42.91,2025,"Eurostat - Individuals: use of generative AI tools (isoc_ai_iaiu), 2025 reference year, last updated 2026-06-05"
France,73.93,49.22,29.27,2025,"Eurostat - Individuals: use of generative AI tools (isoc_ai_iaiu), 2025 reference year, last updated 2026-06-05"
Croatia,89.83,32.73,48.58,2025,"Eurostat - Individuals: use of generative AI tools (isoc_ai_iaiu), 2025 reference year, last updated 2026-06-05"
Italy,64.51,40.29,32.09,2025,"Eurostat - Individuals: use of generative AI tools (isoc_ai_iaiu), 2025 reference year, last updated 2026-06-05"
Cyprus,97.99,51.24,32.72,2025,"Eurostat - Individuals: use of generative AI tools (isoc_ai_iaiu), 2025 reference year, last updated 2026-06-05"
Latvia,79.63,44.02,23.39,2025,"Eurostat - Individuals: use of generative AI tools (isoc_ai_iaiu), 2025 reference year, last updated 2026-06-05"
Lithuania,87.68,51.07,24.35,2025,"Eurostat - Individuals: use of generative AI tools (isoc_ai_iaiu), 2025 reference year, last updated 2026-06-05"
Luxembourg,83.95,58.45,28.66,2025,"Eurostat - Individuals: use of generative AI tools (isoc_ai_iaiu), 2025 reference year, last updated 2026-06-05"
Hungary,70.38,50.26,28.03,2025,"Eurostat - Individuals: use of generative AI tools (isoc_ai_iaiu), 2025 reference year, last updated 2026-06-05"
Malta,80.08,63.53,43.51,2025,"Eurostat - Individuals: use of generative AI tools (isoc_ai_iaiu), 2025 reference year, last updated 2026-06-05"
Netherlands,62.81,59.41,29.31,2025,"Eurostat - Individuals: use of generative AI tools (isoc_ai_iaiu), 2025 reference year, last updated 2026-06-05"
Austria,80.21,53.78,36.27,2025,"Eurostat - Individuals: use of generative AI tools (isoc_ai_iaiu), 2025 reference year, last updated 2026-06-05"
Poland,84.35,36.87,20.25,2025,"Eurostat - Individuals: use of generative AI tools (isoc_ai_iaiu), 2025 reference year, last updated 2026-06-05"
Portugal,85.75,51.51,37.36,2025,"Eurostat - Individuals: use of generative AI tools (isoc_ai_iaiu), 2025 reference year, last updated 2026-06-05"
Romania,83.59,29.49,18.95,2025,"Eurostat - Individuals: use of generative AI tools (isoc_ai_iaiu), 2025 reference year, last updated 2026-06-05"
Slovenia,82.99,40.57,24.41,2025,"Eurostat - Individuals: use of generative AI tools (isoc_ai_iaiu), 2025 reference year, last updated 2026-06-05"
Slovakia,82.54,35.57,29.4,2025,"Eurostat - Individuals: use of generative AI tools (isoc_ai_iaiu), 2025 reference year, last updated 2026-06-05"
Finland,65.51,54.27,24.75,2025,"Eurostat - Individuals: use of generative AI tools (isoc_ai_iaiu), 2025 reference year, last updated 2026-06-05"
Sweden,80.26,49.97,26.16,2025,"Eurostat - Individuals: use of generative AI tools (isoc_ai_iaiu), 2025 reference year, last updated 2026-06-05"
Norway,83.93,62.92,25.27,2025,"Eurostat - Individuals: use of generative AI tools (isoc_ai_iaiu), 2025 reference year, last updated 2026-06-05"
Switzerland,86.92,73.16,44.01,2025,"Eurostat - Individuals: use of generative AI tools (isoc_ai_iaiu), 2025 reference year, last updated 2026-06-05"
Bosnia and Herzegovina,87.91,42.59,24.76,2025,"Eurostat - Individuals: use of generative AI tools (isoc_ai_iaiu), 2025 reference year, last updated 2026-06-05"
North Macedonia,71.57,38.82,19.12,2025,"Eurostat - Individuals: use of generative AI tools (isoc_ai_iaiu), 2025 reference year, last updated 2026-06-05"
Albania,92.11,37.2,31.01,2025,"Eurostat - Individuals: use of generative AI tools (isoc_ai_iaiu), 2025 reference year, last updated 2026-06-05"
Serbia,67.94,31.33,28.57,2025,"Eurostat - Individuals: use of generative AI tools (isoc_ai_iaiu), 2025 reference year, last updated 2026-06-05"
Türkiye,79.73,33.82,31.45,2025,"Eurostat - Individuals: use of generative AI tools (isoc_ai_iaiu), 2025 reference year, last updated 2026-06-05"
Kosovo*,91.95,54.16,45.47,2025,"Eurostat - Individuals: use of generative AI tools (isoc_ai_iaiu), 2025 reference year, last updated 2026-06-05"
